file,cs,comp,time,mem_prof
mix,877179,2.1414078547162427,49.2303,365.191406
