organism,reads,rate,time
mix,877178,1.2370819326788625,39.46616744995117