reads;rate;time
50000;1.5754148743936778;4.29377007484436
100000;1.7634612774731488;8.339986562728882
200000;1.9856366440102724;18.637633323669434
400000;2.188776965016095;38.20614457130432
800000;2.161889566471472;77.55182671546936
1200000;2.2029708295367345;103.36126399040222
