reads;rate;time
877178;1.2370819326788625;40.53954076766968
