organism,reads,rate,time
human,50000,1.5754148743936778,4.263880729675293
human,100000,1.7634612774731488,8.189586877822876
human,200000,1.9856366440102724,18.49324607849121
human,400000,2.188776965016095,35.18754768371582
human,800000,2.161889566471472,68.12257814407349
human,1200000,2.2029708295367345,99.45089101791382