reads;rate;time
877178;1.2328124025632323;50.69046211242676
