organism,reads,rate,time
ecoli,5000,1.506993867547224,0.4878551959991455
ecoli,10000,1.8747650481450833,0.9236443042755127
ecoli,20000,2.4791279814903326,1.700801134109497
ecoli,40000,3.19186094091844,3.5829989910125732
ecoli,80000,3.917172369162543,6.43484091758728
ecoli,120000,4.393189451564508,11.186533212661743