reads;rate;time
5000;1.506993867547224;0.49355268478393555
10000;1.8747650481450833;0.9250938892364502
20000;2.4791279814903326;1.7817363739013672
40000;3.19186094091844;3.9986674785614014
80000;3.917172369162543;7.057563543319702
120000;4.393189451564508;12.587275981903076
